[
{"price": "\uffe53,868.00 - \uffe55,499.00", "name": "Apple iPhone 8 (A1863) 64GB \u91d1\u8272 \u79fb\u52a8\u8054\u901a\u7535\u4fe1...", "imgPath": "https://images-cn.ssl-images-amazon.com/images/I/41rmXo0t1qL._SX142_SY142_SR142,142_.jpg"},
{"price": null, "name": null, "imgPath": null},
{"price": null, "name": null, "imgPath": null},
{"price": null, "name": null, "imgPath": null},
{"price": null, "name": null, "imgPath": null},
{"price": "\uffe53,868.00 - \uffe55,499.00", "name": "Apple iPhone 8 (A1863) 64GB \u91d1\u8272 \u79fb\u52a8\u8054\u901a\u7535\u4fe1...", "imgPath": "https://images-cn.ssl-images-amazon.com/images/I/41rmXo0t1qL._SX142_SY142_SR142,142_.jpg"},
{"price": "\uffe54,799.00 - \uffe56,198.00", "name": "Apple iPhone 8 Plus (A1864) 64GB \u91d1\u8272 \u79fb\u52a8\u8054...", "imgPath": "https://images-cn.ssl-images-amazon.com/images/I/41zQbBM6DkL._SX142_SY142_SR142,142_.jpg"},
{"price": "\uffe58,018.00", "name": "Apple \u82f9\u679c \u624b\u673a iPhone X \u94f6\u8272 256G", "imgPath": "https://images-cn.ssl-images-amazon.com/images/I/417YDCA9-cL._SX142_SY142_SR142,142_.jpg"},
{"price": "\uffe5861.00", "name": "XIAOMI \u5c0f\u7c73 \u7ea2\u7c735 \u79fb\u52a8\u8054\u901a\u7535\u4fe14G\u624b\u673a \u53cc\u5361\u53cc\u5f85 (2...", "imgPath": "https://images-cn.ssl-images-amazon.com/images/I/41O9yCGVpvL._SX142_SY142_SR142,142_.jpg"},
{"price": "\uffe5988.00", "name": "XIAOMI \u5c0f\u7c73 \u7ea2\u7c735 Plus \u79fb\u52a8\u8054\u901a\u7535\u4fe14G\u624b\u673a \u53cc\u5361\u53cc...", "imgPath": "https://images-cn.ssl-images-amazon.com/images/I/31fMMCGhzNL._SX142_SY142_SR142,142_.jpg"},
{"price": "\uffe52,150.00", "name": "Xiaomi/\u5c0f\u7c73 \u5c0f\u7c73\u624b\u673aMIX2 \u5168\u7f51\u901a 6GB+64GB \u9ed1\u8272\u9676...", "imgPath": "https://images-cn.ssl-images-amazon.com/images/I/51u4ridUwaL._SX142_SY142_SR142,142_.jpg"},
{"price": "\uffe52,559.00 - \uffe56,295.00", "name": "\u3010\u987a\u7535\u73b0\u8d27\u53d1\u552e\u3011HUAWEI \u534e\u4e3a Mate10 Pro 6GB+128GB...", "imgPath": "https://images-cn.ssl-images-amazon.com/images/I/518Ihmho-OL._SX142_SY142_SR142,142_.jpg"}
]